{"Beer": 0.11032689450222882, "CheapToiletPaper": 1.9999999999999998, "Diapers": 0.236014763644217, "Lollipops": 0.3073520376783086, "Raspberries": 202.470759129365, "Potatoes": 0.6550183069439444, "Sushi": 0.5308155846162445}