{"Beer": 1103.2689450222883, "CheapToiletPaper": 19999.999999999996, "Diapers": 2360.1476364421706, "Lollipops": 3073.5203767830862, "Raspberries": 2024707.5912936502, "Potatoes": 6550.183069439444, "Sushi": 5308.155846162445}